{
  "arch": "x86_64",
  "auth": null,
  "build": "0",
  "build_number": 0,
  "channel": "https://repo.continuum.io/pkgs/free/osx-64",
  "date": "2017-05-25",
  "depends": [],
  "files": [
    "bin/.openssl-libcrypto-fix",
    "bin/.openssl-post-link.sh",
    "bin/c_rehash",
    "bin/openssl",
    "include/openssl/aes.h",
    "include/openssl/asn1.h",
    "include/openssl/asn1_mac.h",
    "include/openssl/asn1t.h",
    "include/openssl/bio.h",
    "include/openssl/blowfish.h",
    "include/openssl/bn.h",
    "include/openssl/buffer.h",
    "include/openssl/camellia.h",
    "include/openssl/cast.h",
    "include/openssl/cmac.h",
    "include/openssl/cms.h",
    "include/openssl/comp.h",
    "include/openssl/conf.h",
    "include/openssl/conf_api.h",
    "include/openssl/crypto.h",
    "include/openssl/des.h",
    "include/openssl/des_old.h",
    "include/openssl/dh.h",
    "include/openssl/dsa.h",
    "include/openssl/dso.h",
    "include/openssl/dtls1.h",
    "include/openssl/e_os2.h",
    "include/openssl/ebcdic.h",
    "include/openssl/ec.h",
    "include/openssl/ecdh.h",
    "include/openssl/ecdsa.h",
    "include/openssl/engine.h",
    "include/openssl/err.h",
    "include/openssl/evp.h",
    "include/openssl/hmac.h",
    "include/openssl/idea.h",
    "include/openssl/krb5_asn.h",
    "include/openssl/kssl.h",
    "include/openssl/lhash.h",
    "include/openssl/md4.h",
    "include/openssl/md5.h",
    "include/openssl/mdc2.h",
    "include/openssl/modes.h",
    "include/openssl/obj_mac.h",
    "include/openssl/objects.h",
    "include/openssl/ocsp.h",
    "include/openssl/opensslconf.h",
    "include/openssl/opensslv.h",
    "include/openssl/ossl_typ.h",
    "include/openssl/pem.h",
    "include/openssl/pem2.h",
    "include/openssl/pkcs12.h",
    "include/openssl/pkcs7.h",
    "include/openssl/pqueue.h",
    "include/openssl/rand.h",
    "include/openssl/rc2.h",
    "include/openssl/rc4.h",
    "include/openssl/ripemd.h",
    "include/openssl/rsa.h",
    "include/openssl/safestack.h",
    "include/openssl/seed.h",
    "include/openssl/sha.h",
    "include/openssl/srp.h",
    "include/openssl/srtp.h",
    "include/openssl/ssl.h",
    "include/openssl/ssl2.h",
    "include/openssl/ssl23.h",
    "include/openssl/ssl3.h",
    "include/openssl/stack.h",
    "include/openssl/symhacks.h",
    "include/openssl/tls1.h",
    "include/openssl/ts.h",
    "include/openssl/txt_db.h",
    "include/openssl/ui.h",
    "include/openssl/ui_compat.h",
    "include/openssl/whrlpool.h",
    "include/openssl/x509.h",
    "include/openssl/x509_vfy.h",
    "include/openssl/x509v3.h",
    "lib/engines/lib4758cca.dylib",
    "lib/engines/libaep.dylib",
    "lib/engines/libatalla.dylib",
    "lib/engines/libcapi.dylib",
    "lib/engines/libchil.dylib",
    "lib/engines/libcswift.dylib",
    "lib/engines/libgmp.dylib",
    "lib/engines/libgost.dylib",
    "lib/engines/libnuron.dylib",
    "lib/engines/libpadlock.dylib",
    "lib/engines/libsureware.dylib",
    "lib/engines/libubsec.dylib",
    "lib/libcrypto.1.0.0.dylib",
    "lib/libcrypto.a",
    "lib/libcrypto.dylib",
    "lib/libssl.1.0.0.dylib",
    "lib/libssl.a",
    "lib/libssl.dylib",
    "lib/pkgconfig/libcrypto.pc",
    "lib/pkgconfig/libssl.pc",
    "lib/pkgconfig/openssl.pc",
    "ssl/cacert.pem",
    "ssl/cert.pem",
    "ssl/misc/CA.pl",
    "ssl/misc/CA.sh",
    "ssl/misc/c_hash",
    "ssl/misc/c_info",
    "ssl/misc/c_issuer",
    "ssl/misc/c_name",
    "ssl/misc/tsget",
    "ssl/openssl.cnf"
  ],
  "fn": "openssl-1.0.2l-0.tar.bz2",
  "license": "Apache-style",
  "license_family": "Apache",
  "link": {
    "source": "/Users/dchege711/anaconda/pkgs/openssl-1.0.2l-0",
    "type": 1
  },
  "md5": "f821d9e9078c7f56becd5e22646110ca",
  "name": "openssl",
  "noarch": null,
  "platform": "darwin",
  "preferred_env": null,
  "priority": 1,
  "requires": [],
  "schannel": "defaults",
  "size": 3190033,
  "subdir": "osx-64",
  "url": "https://repo.continuum.io/pkgs/free/osx-64/openssl-1.0.2l-0.tar.bz2",
  "version": "1.0.2l",
  "with_features_depends": {}
}