{
  "arch": "x86_64",
  "auth": null,
  "build": "py36_1",
  "build_number": 1,
  "channel": "https://repo.continuum.io/pkgs/free/osx-64",
  "date": "2016-12-23",
  "depends": [
    "python 3.6*",
    "setuptools",
    "wheel"
  ],
  "files": [
    "bin/pip",
    "lib/python3.6/site-packages/pip-9.0.1-py3.6.egg-info/PKG-INFO",
    "lib/python3.6/site-packages/pip-9.0.1-py3.6.egg-info/SOURCES.txt",
    "lib/python3.6/site-packages/pip-9.0.1-py3.6.egg-info/dependency_links.txt",
    "lib/python3.6/site-packages/pip-9.0.1-py3.6.egg-info/entry_points.txt",
    "lib/python3.6/site-packages/pip-9.0.1-py3.6.egg-info/not-zip-safe",
    "lib/python3.6/site-packages/pip-9.0.1-py3.6.egg-info/requires.txt",
    "lib/python3.6/site-packages/pip-9.0.1-py3.6.egg-info/top_level.txt",
    "lib/python3.6/site-packages/pip/__init__.py",
    "lib/python3.6/site-packages/pip/__main__.py",
    "lib/python3.6/site-packages/pip/__pycache__/__init__.cpython-36.pyc",
    "lib/python3.6/site-packages/pip/__pycache__/__main__.cpython-36.pyc",
    "lib/python3.6/site-packages/pip/__pycache__/basecommand.cpython-36.pyc",
    "lib/python3.6/site-packages/pip/__pycache__/baseparser.cpython-36.pyc",
    "lib/python3.6/site-packages/pip/__pycache__/cmdoptions.cpython-36.pyc",
    "lib/python3.6/site-packages/pip/__pycache__/download.cpython-36.pyc",
    "lib/python3.6/site-packages/pip/__pycache__/exceptions.cpython-36.pyc",
    "lib/python3.6/site-packages/pip/__pycache__/index.cpython-36.pyc",
    "lib/python3.6/site-packages/pip/__pycache__/locations.cpython-36.pyc",
    "lib/python3.6/site-packages/pip/__pycache__/pep425tags.cpython-36.pyc",
    "lib/python3.6/site-packages/pip/__pycache__/status_codes.cpython-36.pyc",
    "lib/python3.6/site-packages/pip/__pycache__/wheel.cpython-36.pyc",
    "lib/python3.6/site-packages/pip/_vendor/__init__.py",
    "lib/python3.6/site-packages/pip/_vendor/__pycache__/__init__.cpython-36.pyc",
    "lib/python3.6/site-packages/pip/_vendor/__pycache__/appdirs.cpython-36.pyc",
    "lib/python3.6/site-packages/pip/_vendor/__pycache__/distro.cpython-36.pyc",
    "lib/python3.6/site-packages/pip/_vendor/__pycache__/ipaddress.cpython-36.pyc",
    "lib/python3.6/site-packages/pip/_vendor/__pycache__/ordereddict.cpython-36.pyc",
    "lib/python3.6/site-packages/pip/_vendor/__pycache__/pyparsing.cpython-36.pyc",
    "lib/python3.6/site-packages/pip/_vendor/__pycache__/re-vendor.cpython-36.pyc",
    "lib/python3.6/site-packages/pip/_vendor/__pycache__/retrying.cpython-36.pyc",
    "lib/python3.6/site-packages/pip/_vendor/__pycache__/six.cpython-36.pyc",
    "lib/python3.6/site-packages/pip/_vendor/appdirs.py",
    "lib/python3.6/site-packages/pip/_vendor/cachecontrol/__init__.py",
    "lib/python3.6/site-packages/pip/_vendor/cachecontrol/__pycache__/__init__.cpython-36.pyc",
    "lib/python3.6/site-packages/pip/_vendor/cachecontrol/__pycache__/_cmd.cpython-36.pyc",
    "lib/python3.6/site-packages/pip/_vendor/cachecontrol/__pycache__/adapter.cpython-36.pyc",
    "lib/python3.6/site-packages/pip/_vendor/cachecontrol/__pycache__/cache.cpython-36.pyc",
    "lib/python3.6/site-packages/pip/_vendor/cachecontrol/__pycache__/compat.cpython-36.pyc",
    "lib/python3.6/site-packages/pip/_vendor/cachecontrol/__pycache__/controller.cpython-36.pyc",
    "lib/python3.6/site-packages/pip/_vendor/cachecontrol/__pycache__/filewrapper.cpython-36.pyc",
    "lib/python3.6/site-packages/pip/_vendor/cachecontrol/__pycache__/heuristics.cpython-36.pyc",
    "lib/python3.6/site-packages/pip/_vendor/cachecontrol/__pycache__/serialize.cpython-36.pyc",
    "lib/python3.6/site-packages/pip/_vendor/cachecontrol/__pycache__/wrapper.cpython-36.pyc",
    "lib/python3.6/site-packages/pip/_vendor/cachecontrol/_cmd.py",
    "lib/python3.6/site-packages/pip/_vendor/cachecontrol/adapter.py",
    "lib/python3.6/site-packages/pip/_vendor/cachecontrol/cache.py",
    "lib/python3.6/site-packages/pip/_vendor/cachecontrol/caches/__init__.py",
    "lib/python3.6/site-packages/pip/_vendor/cachecontrol/caches/__pycache__/__init__.cpython-36.pyc",
    "lib/python3.6/site-packages/pip/_vendor/cachecontrol/caches/__pycache__/file_cache.cpython-36.pyc",
    "lib/python3.6/site-packages/pip/_vendor/cachecontrol/caches/__pycache__/redis_cache.cpython-36.pyc",
    "lib/python3.6/site-packages/pip/_vendor/cachecontrol/caches/file_cache.py",
    "lib/python3.6/site-packages/pip/_vendor/cachecontrol/caches/redis_cache.py",
    "lib/python3.6/site-packages/pip/_vendor/cachecontrol/compat.py",
    "lib/python3.6/site-packages/pip/_vendor/cachecontrol/controller.py",
    "lib/python3.6/site-packages/pip/_vendor/cachecontrol/filewrapper.py",
    "lib/python3.6/site-packages/pip/_vendor/cachecontrol/heuristics.py",
    "lib/python3.6/site-packages/pip/_vendor/cachecontrol/serialize.py",
    "lib/python3.6/site-packages/pip/_vendor/cachecontrol/wrapper.py",
    "lib/python3.6/site-packages/pip/_vendor/colorama/__init__.py",
    "lib/python3.6/site-packages/pip/_vendor/colorama/__pycache__/__init__.cpython-36.pyc",
    "lib/python3.6/site-packages/pip/_vendor/colorama/__pycache__/ansi.cpython-36.pyc",
    "lib/python3.6/site-packages/pip/_vendor/colorama/__pycache__/ansitowin32.cpython-36.pyc",
    "lib/python3.6/site-packages/pip/_vendor/colorama/__pycache__/initialise.cpython-36.pyc",
    "lib/python3.6/site-packages/pip/_vendor/colorama/__pycache__/win32.cpython-36.pyc",
    "lib/python3.6/site-packages/pip/_vendor/colorama/__pycache__/winterm.cpython-36.pyc",
    "lib/python3.6/site-packages/pip/_vendor/colorama/ansi.py",
    "lib/python3.6/site-packages/pip/_vendor/colorama/ansitowin32.py",
    "lib/python3.6/site-packages/pip/_vendor/colorama/initialise.py",
    "lib/python3.6/site-packages/pip/_vendor/colorama/win32.py",
    "lib/python3.6/site-packages/pip/_vendor/colorama/winterm.py",
    "lib/python3.6/site-packages/pip/_vendor/distlib/__init__.py",
    "lib/python3.6/site-packages/pip/_vendor/distlib/__pycache__/__init__.cpython-36.pyc",
    "lib/python3.6/site-packages/pip/_vendor/distlib/__pycache__/compat.cpython-36.pyc",
    "lib/python3.6/site-packages/pip/_vendor/distlib/__pycache__/database.cpython-36.pyc",
    "lib/python3.6/site-packages/pip/_vendor/distlib/__pycache__/index.cpython-36.pyc",
    "lib/python3.6/site-packages/pip/_vendor/distlib/__pycache__/locators.cpython-36.pyc",
    "lib/python3.6/site-packages/pip/_vendor/distlib/__pycache__/manifest.cpython-36.pyc",
    "lib/python3.6/site-packages/pip/_vendor/distlib/__pycache__/markers.cpython-36.pyc",
    "lib/python3.6/site-packages/pip/_vendor/distlib/__pycache__/metadata.cpython-36.pyc",
    "lib/python3.6/site-packages/pip/_vendor/distlib/__pycache__/resources.cpython-36.pyc",
    "lib/python3.6/site-packages/pip/_vendor/distlib/__pycache__/scripts.cpython-36.pyc",
    "lib/python3.6/site-packages/pip/_vendor/distlib/__pycache__/util.cpython-36.pyc",
    "lib/python3.6/site-packages/pip/_vendor/distlib/__pycache__/version.cpython-36.pyc",
    "lib/python3.6/site-packages/pip/_vendor/distlib/__pycache__/wheel.cpython-36.pyc",
    "lib/python3.6/site-packages/pip/_vendor/distlib/_backport/__init__.py",
    "lib/python3.6/site-packages/pip/_vendor/distlib/_backport/__pycache__/__init__.cpython-36.pyc",
    "lib/python3.6/site-packages/pip/_vendor/distlib/_backport/__pycache__/misc.cpython-36.pyc",
    "lib/python3.6/site-packages/pip/_vendor/distlib/_backport/__pycache__/shutil.cpython-36.pyc",
    "lib/python3.6/site-packages/pip/_vendor/distlib/_backport/__pycache__/sysconfig.cpython-36.pyc",
    "lib/python3.6/site-packages/pip/_vendor/distlib/_backport/__pycache__/tarfile.cpython-36.pyc",
    "lib/python3.6/site-packages/pip/_vendor/distlib/_backport/misc.py",
    "lib/python3.6/site-packages/pip/_vendor/distlib/_backport/shutil.py",
    "lib/python3.6/site-packages/pip/_vendor/distlib/_backport/sysconfig.cfg",
    "lib/python3.6/site-packages/pip/_vendor/distlib/_backport/sysconfig.py",
    "lib/python3.6/site-packages/pip/_vendor/distlib/_backport/tarfile.py",
    "lib/python3.6/site-packages/pip/_vendor/distlib/compat.py",
    "lib/python3.6/site-packages/pip/_vendor/distlib/database.py",
    "lib/python3.6/site-packages/pip/_vendor/distlib/index.py",
    "lib/python3.6/site-packages/pip/_vendor/distlib/locators.py",
    "lib/python3.6/site-packages/pip/_vendor/distlib/manifest.py",
    "lib/python3.6/site-packages/pip/_vendor/distlib/markers.py",
    "lib/python3.6/site-packages/pip/_vendor/distlib/metadata.py",
    "lib/python3.6/site-packages/pip/_vendor/distlib/resources.py",
    "lib/python3.6/site-packages/pip/_vendor/distlib/scripts.py",
    "lib/python3.6/site-packages/pip/_vendor/distlib/t32.exe",
    "lib/python3.6/site-packages/pip/_vendor/distlib/t64.exe",
    "lib/python3.6/site-packages/pip/_vendor/distlib/util.py",
    "lib/python3.6/site-packages/pip/_vendor/distlib/version.py",
    "lib/python3.6/site-packages/pip/_vendor/distlib/w32.exe",
    "lib/python3.6/site-packages/pip/_vendor/distlib/w64.exe",
    "lib/python3.6/site-packages/pip/_vendor/distlib/wheel.py",
    "lib/python3.6/site-packages/pip/_vendor/distro.py",
    "lib/python3.6/site-packages/pip/_vendor/html5lib/__init__.py",
    "lib/python3.6/site-packages/pip/_vendor/html5lib/__pycache__/__init__.cpython-36.pyc",
    "lib/python3.6/site-packages/pip/_vendor/html5lib/__pycache__/_ihatexml.cpython-36.pyc",
    "lib/python3.6/site-packages/pip/_vendor/html5lib/__pycache__/_inputstream.cpython-36.pyc",
    "lib/python3.6/site-packages/pip/_vendor/html5lib/__pycache__/_tokenizer.cpython-36.pyc",
    "lib/python3.6/site-packages/pip/_vendor/html5lib/__pycache__/_utils.cpython-36.pyc",
    "lib/python3.6/site-packages/pip/_vendor/html5lib/__pycache__/constants.cpython-36.pyc",
    "lib/python3.6/site-packages/pip/_vendor/html5lib/__pycache__/html5parser.cpython-36.pyc",
    "lib/python3.6/site-packages/pip/_vendor/html5lib/__pycache__/serializer.cpython-36.pyc",
    "lib/python3.6/site-packages/pip/_vendor/html5lib/_ihatexml.py",
    "lib/python3.6/site-packages/pip/_vendor/html5lib/_inputstream.py",
    "lib/python3.6/site-packages/pip/_vendor/html5lib/_tokenizer.py",
    "lib/python3.6/site-packages/pip/_vendor/html5lib/_trie/__init__.py",
    "lib/python3.6/site-packages/pip/_vendor/html5lib/_trie/__pycache__/__init__.cpython-36.pyc",
    "lib/python3.6/site-packages/pip/_vendor/html5lib/_trie/__pycache__/_base.cpython-36.pyc",
    "lib/python3.6/site-packages/pip/_vendor/html5lib/_trie/__pycache__/datrie.cpython-36.pyc",
    "lib/python3.6/site-packages/pip/_vendor/html5lib/_trie/__pycache__/py.cpython-36.pyc",
    "lib/python3.6/site-packages/pip/_vendor/html5lib/_trie/_base.py",
    "lib/python3.6/site-packages/pip/_vendor/html5lib/_trie/datrie.py",
    "lib/python3.6/site-packages/pip/_vendor/html5lib/_trie/py.py",
    "lib/python3.6/site-packages/pip/_vendor/html5lib/_utils.py",
    "lib/python3.6/site-packages/pip/_vendor/html5lib/constants.py",
    "lib/python3.6/site-packages/pip/_vendor/html5lib/filters/__init__.py",
    "lib/python3.6/site-packages/pip/_vendor/html5lib/filters/__pycache__/__init__.cpython-36.pyc",
    "lib/python3.6/site-packages/pip/_vendor/html5lib/filters/__pycache__/alphabeticalattributes.cpython-36.pyc",
    "lib/python3.6/site-packages/pip/_vendor/html5lib/filters/__pycache__/base.cpython-36.pyc",
    "lib/python3.6/site-packages/pip/_vendor/html5lib/filters/__pycache__/inject_meta_charset.cpython-36.pyc",
    "lib/python3.6/site-packages/pip/_vendor/html5lib/filters/__pycache__/lint.cpython-36.pyc",
    "lib/python3.6/site-packages/pip/_vendor/html5lib/filters/__pycache__/optionaltags.cpython-36.pyc",
    "lib/python3.6/site-packages/pip/_vendor/html5lib/filters/__pycache__/sanitizer.cpython-36.pyc",
    "lib/python3.6/site-packages/pip/_vendor/html5lib/filters/__pycache__/whitespace.cpython-36.pyc",
    "lib/python3.6/site-packages/pip/_vendor/html5lib/filters/alphabeticalattributes.py",
    "lib/python3.6/site-packages/pip/_vendor/html5lib/filters/base.py",
    "lib/python3.6/site-packages/pip/_vendor/html5lib/filters/inject_meta_charset.py",
    "lib/python3.6/site-packages/pip/_vendor/html5lib/filters/lint.py",
    "lib/python3.6/site-packages/pip/_vendor/html5lib/filters/optionaltags.py",
    "lib/python3.6/site-packages/pip/_vendor/html5lib/filters/sanitizer.py",
    "lib/python3.6/site-packages/pip/_vendor/html5lib/filters/whitespace.py",
    "lib/python3.6/site-packages/pip/_vendor/html5lib/html5parser.py",
    "lib/python3.6/site-packages/pip/_vendor/html5lib/serializer.py",
    "lib/python3.6/site-packages/pip/_vendor/html5lib/treeadapters/__init__.py",
    "lib/python3.6/site-packages/pip/_vendor/html5lib/treeadapters/__pycache__/__init__.cpython-36.pyc",
    "lib/python3.6/site-packages/pip/_vendor/html5lib/treeadapters/__pycache__/genshi.cpython-36.pyc",
    "lib/python3.6/site-packages/pip/_vendor/html5lib/treeadapters/__pycache__/sax.cpython-36.pyc",
    "lib/python3.6/site-packages/pip/_vendor/html5lib/treeadapters/genshi.py",
    "lib/python3.6/site-packages/pip/_vendor/html5lib/treeadapters/sax.py",
    "lib/python3.6/site-packages/pip/_vendor/html5lib/treebuilders/__init__.py",
    "lib/python3.6/site-packages/pip/_vendor/html5lib/treebuilders/__pycache__/__init__.cpython-36.pyc",
    "lib/python3.6/site-packages/pip/_vendor/html5lib/treebuilders/__pycache__/base.cpython-36.pyc",
    "lib/python3.6/site-packages/pip/_vendor/html5lib/treebuilders/__pycache__/dom.cpython-36.pyc",
    "lib/python3.6/site-packages/pip/_vendor/html5lib/treebuilders/__pycache__/etree.cpython-36.pyc",
    "lib/python3.6/site-packages/pip/_vendor/html5lib/treebuilders/__pycache__/etree_lxml.cpython-36.pyc",
    "lib/python3.6/site-packages/pip/_vendor/html5lib/treebuilders/base.py",
    "lib/python3.6/site-packages/pip/_vendor/html5lib/treebuilders/dom.py",
    "lib/python3.6/site-packages/pip/_vendor/html5lib/treebuilders/etree.py",
    "lib/python3.6/site-packages/pip/_vendor/html5lib/treebuilders/etree_lxml.py",
    "lib/python3.6/site-packages/pip/_vendor/html5lib/treewalkers/__init__.py",
    "lib/python3.6/site-packages/pip/_vendor/html5lib/treewalkers/__pycache__/__init__.cpython-36.pyc",
    "lib/python3.6/site-packages/pip/_vendor/html5lib/treewalkers/__pycache__/base.cpython-36.pyc",
    "lib/python3.6/site-packages/pip/_vendor/html5lib/treewalkers/__pycache__/dom.cpython-36.pyc",
    "lib/python3.6/site-packages/pip/_vendor/html5lib/treewalkers/__pycache__/etree.cpython-36.pyc",
    "lib/python3.6/site-packages/pip/_vendor/html5lib/treewalkers/__pycache__/etree_lxml.cpython-36.pyc",
    "lib/python3.6/site-packages/pip/_vendor/html5lib/treewalkers/__pycache__/genshi.cpython-36.pyc",
    "lib/python3.6/site-packages/pip/_vendor/html5lib/treewalkers/base.py",
    "lib/python3.6/site-packages/pip/_vendor/html5lib/treewalkers/dom.py",
    "lib/python3.6/site-packages/pip/_vendor/html5lib/treewalkers/etree.py",
    "lib/python3.6/site-packages/pip/_vendor/html5lib/treewalkers/etree_lxml.py",
    "lib/python3.6/site-packages/pip/_vendor/html5lib/treewalkers/genshi.py",
    "lib/python3.6/site-packages/pip/_vendor/ipaddress.py",
    "lib/python3.6/site-packages/pip/_vendor/lockfile/__init__.py",
    "lib/python3.6/site-packages/pip/_vendor/lockfile/__pycache__/__init__.cpython-36.pyc",
    "lib/python3.6/site-packages/pip/_vendor/lockfile/__pycache__/linklockfile.cpython-36.pyc",
    "lib/python3.6/site-packages/pip/_vendor/lockfile/__pycache__/mkdirlockfile.cpython-36.pyc",
    "lib/python3.6/site-packages/pip/_vendor/lockfile/__pycache__/pidlockfile.cpython-36.pyc",
    "lib/python3.6/site-packages/pip/_vendor/lockfile/__pycache__/sqlitelockfile.cpython-36.pyc",
    "lib/python3.6/site-packages/pip/_vendor/lockfile/__pycache__/symlinklockfile.cpython-36.pyc",
    "lib/python3.6/site-packages/pip/_vendor/lockfile/linklockfile.py",
    "lib/python3.6/site-packages/pip/_vendor/lockfile/mkdirlockfile.py",
    "lib/python3.6/site-packages/pip/_vendor/lockfile/pidlockfile.py",
    "lib/python3.6/site-packages/pip/_vendor/lockfile/sqlitelockfile.py",
    "lib/python3.6/site-packages/pip/_vendor/lockfile/symlinklockfile.py",
    "lib/python3.6/site-packages/pip/_vendor/ordereddict.py",
    "lib/python3.6/site-packages/pip/_vendor/packaging/__about__.py",
    "lib/python3.6/site-packages/pip/_vendor/packaging/__init__.py",
    "lib/python3.6/site-packages/pip/_vendor/packaging/__pycache__/__about__.cpython-36.pyc",
    "lib/python3.6/site-packages/pip/_vendor/packaging/__pycache__/__init__.cpython-36.pyc",
    "lib/python3.6/site-packages/pip/_vendor/packaging/__pycache__/_compat.cpython-36.pyc",
    "lib/python3.6/site-packages/pip/_vendor/packaging/__pycache__/_structures.cpython-36.pyc",
    "lib/python3.6/site-packages/pip/_vendor/packaging/__pycache__/markers.cpython-36.pyc",
    "lib/python3.6/site-packages/pip/_vendor/packaging/__pycache__/requirements.cpython-36.pyc",
    "lib/python3.6/site-packages/pip/_vendor/packaging/__pycache__/specifiers.cpython-36.pyc",
    "lib/python3.6/site-packages/pip/_vendor/packaging/__pycache__/utils.cpython-36.pyc",
    "lib/python3.6/site-packages/pip/_vendor/packaging/__pycache__/version.cpython-36.pyc",
    "lib/python3.6/site-packages/pip/_vendor/packaging/_compat.py",
    "lib/python3.6/site-packages/pip/_vendor/packaging/_structures.py",
    "lib/python3.6/site-packages/pip/_vendor/packaging/markers.py",
    "lib/python3.6/site-packages/pip/_vendor/packaging/requirements.py",
    "lib/python3.6/site-packages/pip/_vendor/packaging/specifiers.py",
    "lib/python3.6/site-packages/pip/_vendor/packaging/utils.py",
    "lib/python3.6/site-packages/pip/_vendor/packaging/version.py",
    "lib/python3.6/site-packages/pip/_vendor/pkg_resources/__init__.py",
    "lib/python3.6/site-packages/pip/_vendor/pkg_resources/__pycache__/__init__.cpython-36.pyc",
    "lib/python3.6/site-packages/pip/_vendor/progress/__init__.py",
    "lib/python3.6/site-packages/pip/_vendor/progress/__pycache__/__init__.cpython-36.pyc",
    "lib/python3.6/site-packages/pip/_vendor/progress/__pycache__/bar.cpython-36.pyc",
    "lib/python3.6/site-packages/pip/_vendor/progress/__pycache__/counter.cpython-36.pyc",
    "lib/python3.6/site-packages/pip/_vendor/progress/__pycache__/helpers.cpython-36.pyc",
    "lib/python3.6/site-packages/pip/_vendor/progress/__pycache__/spinner.cpython-36.pyc",
    "lib/python3.6/site-packages/pip/_vendor/progress/bar.py",
    "lib/python3.6/site-packages/pip/_vendor/progress/counter.py",
    "lib/python3.6/site-packages/pip/_vendor/progress/helpers.py",
    "lib/python3.6/site-packages/pip/_vendor/progress/spinner.py",
    "lib/python3.6/site-packages/pip/_vendor/pyparsing.py",
    "lib/python3.6/site-packages/pip/_vendor/re-vendor.py",
    "lib/python3.6/site-packages/pip/_vendor/requests/__init__.py",
    "lib/python3.6/site-packages/pip/_vendor/requests/__pycache__/__init__.cpython-36.pyc",
    "lib/python3.6/site-packages/pip/_vendor/requests/__pycache__/adapters.cpython-36.pyc",
    "lib/python3.6/site-packages/pip/_vendor/requests/__pycache__/api.cpython-36.pyc",
    "lib/python3.6/site-packages/pip/_vendor/requests/__pycache__/auth.cpython-36.pyc",
    "lib/python3.6/site-packages/pip/_vendor/requests/__pycache__/certs.cpython-36.pyc",
    "lib/python3.6/site-packages/pip/_vendor/requests/__pycache__/compat.cpython-36.pyc",
    "lib/python3.6/site-packages/pip/_vendor/requests/__pycache__/cookies.cpython-36.pyc",
    "lib/python3.6/site-packages/pip/_vendor/requests/__pycache__/exceptions.cpython-36.pyc",
    "lib/python3.6/site-packages/pip/_vendor/requests/__pycache__/hooks.cpython-36.pyc",
    "lib/python3.6/site-packages/pip/_vendor/requests/__pycache__/models.cpython-36.pyc",
    "lib/python3.6/site-packages/pip/_vendor/requests/__pycache__/sessions.cpython-36.pyc",
    "lib/python3.6/site-packages/pip/_vendor/requests/__pycache__/status_codes.cpython-36.pyc",
    "lib/python3.6/site-packages/pip/_vendor/requests/__pycache__/structures.cpython-36.pyc",
    "lib/python3.6/site-packages/pip/_vendor/requests/__pycache__/utils.cpython-36.pyc",
    "lib/python3.6/site-packages/pip/_vendor/requests/adapters.py",
    "lib/python3.6/site-packages/pip/_vendor/requests/api.py",
    "lib/python3.6/site-packages/pip/_vendor/requests/auth.py",
    "lib/python3.6/site-packages/pip/_vendor/requests/cacert.pem",
    "lib/python3.6/site-packages/pip/_vendor/requests/certs.py",
    "lib/python3.6/site-packages/pip/_vendor/requests/compat.py",
    "lib/python3.6/site-packages/pip/_vendor/requests/cookies.py",
    "lib/python3.6/site-packages/pip/_vendor/requests/exceptions.py",
    "lib/python3.6/site-packages/pip/_vendor/requests/hooks.py",
    "lib/python3.6/site-packages/pip/_vendor/requests/models.py",
    "lib/python3.6/site-packages/pip/_vendor/requests/packages/__init__.py",
    "lib/python3.6/site-packages/pip/_vendor/requests/packages/__pycache__/__init__.cpython-36.pyc",
    "lib/python3.6/site-packages/pip/_vendor/requests/packages/chardet/__init__.py",
    "lib/python3.6/site-packages/pip/_vendor/requests/packages/chardet/__pycache__/__init__.cpython-36.pyc",
    "lib/python3.6/site-packages/pip/_vendor/requests/packages/chardet/__pycache__/big5freq.cpython-36.pyc",
    "lib/python3.6/site-packages/pip/_vendor/requests/packages/chardet/__pycache__/big5prober.cpython-36.pyc",
    "lib/python3.6/site-packages/pip/_vendor/requests/packages/chardet/__pycache__/chardetect.cpython-36.pyc",
    "lib/python3.6/site-packages/pip/_vendor/requests/packages/chardet/__pycache__/chardistribution.cpython-36.pyc",
    "lib/python3.6/site-packages/pip/_vendor/requests/packages/chardet/__pycache__/charsetgroupprober.cpython-36.pyc",
    "lib/python3.6/site-packages/pip/_vendor/requests/packages/chardet/__pycache__/charsetprober.cpython-36.pyc",
    "lib/python3.6/site-packages/pip/_vendor/requests/packages/chardet/__pycache__/codingstatemachine.cpython-36.pyc",
    "lib/python3.6/site-packages/pip/_vendor/requests/packages/chardet/__pycache__/compat.cpython-36.pyc",
    "lib/python3.6/site-packages/pip/_vendor/requests/packages/chardet/__pycache__/constants.cpython-36.pyc",
    "lib/python3.6/site-packages/pip/_vendor/requests/packages/chardet/__pycache__/cp949prober.cpython-36.pyc",
    "lib/python3.6/site-packages/pip/_vendor/requests/packages/chardet/__pycache__/escprober.cpython-36.pyc",
    "lib/python3.6/site-packages/pip/_vendor/requests/packages/chardet/__pycache__/escsm.cpython-36.pyc",
    "lib/python3.6/site-packages/pip/_vendor/requests/packages/chardet/__pycache__/eucjpprober.cpython-36.pyc",
    "lib/python3.6/site-packages/pip/_vendor/requests/packages/chardet/__pycache__/euckrfreq.cpython-36.pyc",
    "lib/python3.6/site-packages/pip/_vendor/requests/packages/chardet/__pycache__/euckrprober.cpython-36.pyc",
    "lib/python3.6/site-packages/pip/_vendor/requests/packages/chardet/__pycache__/euctwfreq.cpython-36.pyc",
    "lib/python3.6/site-packages/pip/_vendor/requests/packages/chardet/__pycache__/euctwprober.cpython-36.pyc",
    "lib/python3.6/site-packages/pip/_vendor/requests/packages/chardet/__pycache__/gb2312freq.cpython-36.pyc",
    "lib/python3.6/site-packages/pip/_vendor/requests/packages/chardet/__pycache__/gb2312prober.cpython-36.pyc",
    "lib/python3.6/site-packages/pip/_vendor/requests/packages/chardet/__pycache__/hebrewprober.cpython-36.pyc",
    "lib/python3.6/site-packages/pip/_vendor/requests/packages/chardet/__pycache__/jisfreq.cpython-36.pyc",
    "lib/python3.6/site-packages/pip/_vendor/requests/packages/chardet/__pycache__/jpcntx.cpython-36.pyc",
    "lib/python3.6/site-packages/pip/_vendor/requests/packages/chardet/__pycache__/langbulgarianmodel.cpython-36.pyc",
    "lib/python3.6/site-packages/pip/_vendor/requests/packages/chardet/__pycache__/langcyrillicmodel.cpython-36.pyc",
    "lib/python3.6/site-packages/pip/_vendor/requests/packages/chardet/__pycache__/langgreekmodel.cpython-36.pyc",
    "lib/python3.6/site-packages/pip/_vendor/requests/packages/chardet/__pycache__/langhebrewmodel.cpython-36.pyc",
    "lib/python3.6/site-packages/pip/_vendor/requests/packages/chardet/__pycache__/langhungarianmodel.cpython-36.pyc",
    "lib/python3.6/site-packages/pip/_vendor/requests/packages/chardet/__pycache__/langthaimodel.cpython-36.pyc",
    "lib/python3.6/site-packages/pip/_vendor/requests/packages/chardet/__pycache__/latin1prober.cpython-36.pyc",
    "lib/python3.6/site-packages/pip/_vendor/requests/packages/chardet/__pycache__/mbcharsetprober.cpython-36.pyc",
    "lib/python3.6/site-packages/pip/_vendor/requests/packages/chardet/__pycache__/mbcsgroupprober.cpython-36.pyc",
    "lib/python3.6/site-packages/pip/_vendor/requests/packages/chardet/__pycache__/mbcssm.cpython-36.pyc",
    "lib/python3.6/site-packages/pip/_vendor/requests/packages/chardet/__pycache__/sbcharsetprober.cpython-36.pyc",
    "lib/python3.6/site-packages/pip/_vendor/requests/packages/chardet/__pycache__/sbcsgroupprober.cpython-36.pyc",
    "lib/python3.6/site-packages/pip/_vendor/requests/packages/chardet/__pycache__/sjisprober.cpython-36.pyc",
    "lib/python3.6/site-packages/pip/_vendor/requests/packages/chardet/__pycache__/universaldetector.cpython-36.pyc",
    "lib/python3.6/site-packages/pip/_vendor/requests/packages/chardet/__pycache__/utf8prober.cpython-36.pyc",
    "lib/python3.6/site-packages/pip/_vendor/requests/packages/chardet/big5freq.py",
    "lib/python3.6/site-packages/pip/_vendor/requests/packages/chardet/big5prober.py",
    "lib/python3.6/site-packages/pip/_vendor/requests/packages/chardet/chardetect.py",
    "lib/python3.6/site-packages/pip/_vendor/requests/packages/chardet/chardistribution.py",
    "lib/python3.6/site-packages/pip/_vendor/requests/packages/chardet/charsetgroupprober.py",
    "lib/python3.6/site-packages/pip/_vendor/requests/packages/chardet/charsetprober.py",
    "lib/python3.6/site-packages/pip/_vendor/requests/packages/chardet/codingstatemachine.py",
    "lib/python3.6/site-packages/pip/_vendor/requests/packages/chardet/compat.py",
    "lib/python3.6/site-packages/pip/_vendor/requests/packages/chardet/constants.py",
    "lib/python3.6/site-packages/pip/_vendor/requests/packages/chardet/cp949prober.py",
    "lib/python3.6/site-packages/pip/_vendor/requests/packages/chardet/escprober.py",
    "lib/python3.6/site-packages/pip/_vendor/requests/packages/chardet/escsm.py",
    "lib/python3.6/site-packages/pip/_vendor/requests/packages/chardet/eucjpprober.py",
    "lib/python3.6/site-packages/pip/_vendor/requests/packages/chardet/euckrfreq.py",
    "lib/python3.6/site-packages/pip/_vendor/requests/packages/chardet/euckrprober.py",
    "lib/python3.6/site-packages/pip/_vendor/requests/packages/chardet/euctwfreq.py",
    "lib/python3.6/site-packages/pip/_vendor/requests/packages/chardet/euctwprober.py",
    "lib/python3.6/site-packages/pip/_vendor/requests/packages/chardet/gb2312freq.py",
    "lib/python3.6/site-packages/pip/_vendor/requests/packages/chardet/gb2312prober.py",
    "lib/python3.6/site-packages/pip/_vendor/requests/packages/chardet/hebrewprober.py",
    "lib/python3.6/site-packages/pip/_vendor/requests/packages/chardet/jisfreq.py",
    "lib/python3.6/site-packages/pip/_vendor/requests/packages/chardet/jpcntx.py",
    "lib/python3.6/site-packages/pip/_vendor/requests/packages/chardet/langbulgarianmodel.py",
    "lib/python3.6/site-packages/pip/_vendor/requests/packages/chardet/langcyrillicmodel.py",
    "lib/python3.6/site-packages/pip/_vendor/requests/packages/chardet/langgreekmodel.py",
    "lib/python3.6/site-packages/pip/_vendor/requests/packages/chardet/langhebrewmodel.py",
    "lib/python3.6/site-packages/pip/_vendor/requests/packages/chardet/langhungarianmodel.py",
    "lib/python3.6/site-packages/pip/_vendor/requests/packages/chardet/langthaimodel.py",
    "lib/python3.6/site-packages/pip/_vendor/requests/packages/chardet/latin1prober.py",
    "lib/python3.6/site-packages/pip/_vendor/requests/packages/chardet/mbcharsetprober.py",
    "lib/python3.6/site-packages/pip/_vendor/requests/packages/chardet/mbcsgroupprober.py",
    "lib/python3.6/site-packages/pip/_vendor/requests/packages/chardet/mbcssm.py",
    "lib/python3.6/site-packages/pip/_vendor/requests/packages/chardet/sbcharsetprober.py",
    "lib/python3.6/site-packages/pip/_vendor/requests/packages/chardet/sbcsgroupprober.py",
    "lib/python3.6/site-packages/pip/_vendor/requests/packages/chardet/sjisprober.py",
    "lib/python3.6/site-packages/pip/_vendor/requests/packages/chardet/universaldetector.py",
    "lib/python3.6/site-packages/pip/_vendor/requests/packages/chardet/utf8prober.py",
    "lib/python3.6/site-packages/pip/_vendor/requests/packages/urllib3/__init__.py",
    "lib/python3.6/site-packages/pip/_vendor/requests/packages/urllib3/__pycache__/__init__.cpython-36.pyc",
    "lib/python3.6/site-packages/pip/_vendor/requests/packages/urllib3/__pycache__/_collections.cpython-36.pyc",
    "lib/python3.6/site-packages/pip/_vendor/requests/packages/urllib3/__pycache__/connection.cpython-36.pyc",
    "lib/python3.6/site-packages/pip/_vendor/requests/packages/urllib3/__pycache__/connectionpool.cpython-36.pyc",
    "lib/python3.6/site-packages/pip/_vendor/requests/packages/urllib3/__pycache__/exceptions.cpython-36.pyc",
    "lib/python3.6/site-packages/pip/_vendor/requests/packages/urllib3/__pycache__/fields.cpython-36.pyc",
    "lib/python3.6/site-packages/pip/_vendor/requests/packages/urllib3/__pycache__/filepost.cpython-36.pyc",
    "lib/python3.6/site-packages/pip/_vendor/requests/packages/urllib3/__pycache__/poolmanager.cpython-36.pyc",
    "lib/python3.6/site-packages/pip/_vendor/requests/packages/urllib3/__pycache__/request.cpython-36.pyc",
    "lib/python3.6/site-packages/pip/_vendor/requests/packages/urllib3/__pycache__/response.cpython-36.pyc",
    "lib/python3.6/site-packages/pip/_vendor/requests/packages/urllib3/_collections.py",
    "lib/python3.6/site-packages/pip/_vendor/requests/packages/urllib3/connection.py",
    "lib/python3.6/site-packages/pip/_vendor/requests/packages/urllib3/connectionpool.py",
    "lib/python3.6/site-packages/pip/_vendor/requests/packages/urllib3/contrib/__init__.py",
    "lib/python3.6/site-packages/pip/_vendor/requests/packages/urllib3/contrib/__pycache__/__init__.cpython-36.pyc",
    "lib/python3.6/site-packages/pip/_vendor/requests/packages/urllib3/contrib/__pycache__/appengine.cpython-36.pyc",
    "lib/python3.6/site-packages/pip/_vendor/requests/packages/urllib3/contrib/__pycache__/ntlmpool.cpython-36.pyc",
    "lib/python3.6/site-packages/pip/_vendor/requests/packages/urllib3/contrib/__pycache__/pyopenssl.cpython-36.pyc",
    "lib/python3.6/site-packages/pip/_vendor/requests/packages/urllib3/contrib/__pycache__/socks.cpython-36.pyc",
    "lib/python3.6/site-packages/pip/_vendor/requests/packages/urllib3/contrib/appengine.py",
    "lib/python3.6/site-packages/pip/_vendor/requests/packages/urllib3/contrib/ntlmpool.py",
    "lib/python3.6/site-packages/pip/_vendor/requests/packages/urllib3/contrib/pyopenssl.py",
    "lib/python3.6/site-packages/pip/_vendor/requests/packages/urllib3/contrib/socks.py",
    "lib/python3.6/site-packages/pip/_vendor/requests/packages/urllib3/exceptions.py",
    "lib/python3.6/site-packages/pip/_vendor/requests/packages/urllib3/fields.py",
    "lib/python3.6/site-packages/pip/_vendor/requests/packages/urllib3/filepost.py",
    "lib/python3.6/site-packages/pip/_vendor/requests/packages/urllib3/packages/__init__.py",
    "lib/python3.6/site-packages/pip/_vendor/requests/packages/urllib3/packages/__pycache__/__init__.cpython-36.pyc",
    "lib/python3.6/site-packages/pip/_vendor/requests/packages/urllib3/packages/__pycache__/ordered_dict.cpython-36.pyc",
    "lib/python3.6/site-packages/pip/_vendor/requests/packages/urllib3/packages/__pycache__/six.cpython-36.pyc",
    "lib/python3.6/site-packages/pip/_vendor/requests/packages/urllib3/packages/ordered_dict.py",
    "lib/python3.6/site-packages/pip/_vendor/requests/packages/urllib3/packages/six.py",
    "lib/python3.6/site-packages/pip/_vendor/requests/packages/urllib3/packages/ssl_match_hostname/__init__.py",
    "lib/python3.6/site-packages/pip/_vendor/requests/packages/urllib3/packages/ssl_match_hostname/__pycache__/__init__.cpython-36.pyc",
    "lib/python3.6/site-packages/pip/_vendor/requests/packages/urllib3/packages/ssl_match_hostname/__pycache__/_implementation.cpython-36.pyc",
    "lib/python3.6/site-packages/pip/_vendor/requests/packages/urllib3/packages/ssl_match_hostname/_implementation.py",
    "lib/python3.6/site-packages/pip/_vendor/requests/packages/urllib3/poolmanager.py",
    "lib/python3.6/site-packages/pip/_vendor/requests/packages/urllib3/request.py",
    "lib/python3.6/site-packages/pip/_vendor/requests/packages/urllib3/response.py",
    "lib/python3.6/site-packages/pip/_vendor/requests/packages/urllib3/util/__init__.py",
    "lib/python3.6/site-packages/pip/_vendor/requests/packages/urllib3/util/__pycache__/__init__.cpython-36.pyc",
    "lib/python3.6/site-packages/pip/_vendor/requests/packages/urllib3/util/__pycache__/connection.cpython-36.pyc",
    "lib/python3.6/site-packages/pip/_vendor/requests/packages/urllib3/util/__pycache__/request.cpython-36.pyc",
    "lib/python3.6/site-packages/pip/_vendor/requests/packages/urllib3/util/__pycache__/response.cpython-36.pyc",
    "lib/python3.6/site-packages/pip/_vendor/requests/packages/urllib3/util/__pycache__/retry.cpython-36.pyc",
    "lib/python3.6/site-packages/pip/_vendor/requests/packages/urllib3/util/__pycache__/ssl_.cpython-36.pyc",
    "lib/python3.6/site-packages/pip/_vendor/requests/packages/urllib3/util/__pycache__/timeout.cpython-36.pyc",
    "lib/python3.6/site-packages/pip/_vendor/requests/packages/urllib3/util/__pycache__/url.cpython-36.pyc",
    "lib/python3.6/site-packages/pip/_vendor/requests/packages/urllib3/util/connection.py",
    "lib/python3.6/site-packages/pip/_vendor/requests/packages/urllib3/util/request.py",
    "lib/python3.6/site-packages/pip/_vendor/requests/packages/urllib3/util/response.py",
    "lib/python3.6/site-packages/pip/_vendor/requests/packages/urllib3/util/retry.py",
    "lib/python3.6/site-packages/pip/_vendor/requests/packages/urllib3/util/ssl_.py",
    "lib/python3.6/site-packages/pip/_vendor/requests/packages/urllib3/util/timeout.py",
    "lib/python3.6/site-packages/pip/_vendor/requests/packages/urllib3/util/url.py",
    "lib/python3.6/site-packages/pip/_vendor/requests/sessions.py",
    "lib/python3.6/site-packages/pip/_vendor/requests/status_codes.py",
    "lib/python3.6/site-packages/pip/_vendor/requests/structures.py",
    "lib/python3.6/site-packages/pip/_vendor/requests/utils.py",
    "lib/python3.6/site-packages/pip/_vendor/retrying.py",
    "lib/python3.6/site-packages/pip/_vendor/six.py",
    "lib/python3.6/site-packages/pip/_vendor/webencodings/__init__.py",
    "lib/python3.6/site-packages/pip/_vendor/webencodings/__pycache__/__init__.cpython-36.pyc",
    "lib/python3.6/site-packages/pip/_vendor/webencodings/__pycache__/labels.cpython-36.pyc",
    "lib/python3.6/site-packages/pip/_vendor/webencodings/__pycache__/mklabels.cpython-36.pyc",
    "lib/python3.6/site-packages/pip/_vendor/webencodings/__pycache__/tests.cpython-36.pyc",
    "lib/python3.6/site-packages/pip/_vendor/webencodings/__pycache__/x_user_defined.cpython-36.pyc",
    "lib/python3.6/site-packages/pip/_vendor/webencodings/labels.py",
    "lib/python3.6/site-packages/pip/_vendor/webencodings/mklabels.py",
    "lib/python3.6/site-packages/pip/_vendor/webencodings/tests.py",
    "lib/python3.6/site-packages/pip/_vendor/webencodings/x_user_defined.py",
    "lib/python3.6/site-packages/pip/basecommand.py",
    "lib/python3.6/site-packages/pip/baseparser.py",
    "lib/python3.6/site-packages/pip/cmdoptions.py",
    "lib/python3.6/site-packages/pip/commands/__init__.py",
    "lib/python3.6/site-packages/pip/commands/__pycache__/__init__.cpython-36.pyc",
    "lib/python3.6/site-packages/pip/commands/__pycache__/check.cpython-36.pyc",
    "lib/python3.6/site-packages/pip/commands/__pycache__/completion.cpython-36.pyc",
    "lib/python3.6/site-packages/pip/commands/__pycache__/download.cpython-36.pyc",
    "lib/python3.6/site-packages/pip/commands/__pycache__/freeze.cpython-36.pyc",
    "lib/python3.6/site-packages/pip/commands/__pycache__/hash.cpython-36.pyc",
    "lib/python3.6/site-packages/pip/commands/__pycache__/help.cpython-36.pyc",
    "lib/python3.6/site-packages/pip/commands/__pycache__/install.cpython-36.pyc",
    "lib/python3.6/site-packages/pip/commands/__pycache__/list.cpython-36.pyc",
    "lib/python3.6/site-packages/pip/commands/__pycache__/search.cpython-36.pyc",
    "lib/python3.6/site-packages/pip/commands/__pycache__/show.cpython-36.pyc",
    "lib/python3.6/site-packages/pip/commands/__pycache__/uninstall.cpython-36.pyc",
    "lib/python3.6/site-packages/pip/commands/__pycache__/wheel.cpython-36.pyc",
    "lib/python3.6/site-packages/pip/commands/check.py",
    "lib/python3.6/site-packages/pip/commands/completion.py",
    "lib/python3.6/site-packages/pip/commands/download.py",
    "lib/python3.6/site-packages/pip/commands/freeze.py",
    "lib/python3.6/site-packages/pip/commands/hash.py",
    "lib/python3.6/site-packages/pip/commands/help.py",
    "lib/python3.6/site-packages/pip/commands/install.py",
    "lib/python3.6/site-packages/pip/commands/list.py",
    "lib/python3.6/site-packages/pip/commands/search.py",
    "lib/python3.6/site-packages/pip/commands/show.py",
    "lib/python3.6/site-packages/pip/commands/uninstall.py",
    "lib/python3.6/site-packages/pip/commands/wheel.py",
    "lib/python3.6/site-packages/pip/compat/__init__.py",
    "lib/python3.6/site-packages/pip/compat/__pycache__/__init__.cpython-36.pyc",
    "lib/python3.6/site-packages/pip/compat/__pycache__/dictconfig.cpython-36.pyc",
    "lib/python3.6/site-packages/pip/compat/dictconfig.py",
    "lib/python3.6/site-packages/pip/download.py",
    "lib/python3.6/site-packages/pip/exceptions.py",
    "lib/python3.6/site-packages/pip/index.py",
    "lib/python3.6/site-packages/pip/locations.py",
    "lib/python3.6/site-packages/pip/models/__init__.py",
    "lib/python3.6/site-packages/pip/models/__pycache__/__init__.cpython-36.pyc",
    "lib/python3.6/site-packages/pip/models/__pycache__/index.cpython-36.pyc",
    "lib/python3.6/site-packages/pip/models/index.py",
    "lib/python3.6/site-packages/pip/operations/__init__.py",
    "lib/python3.6/site-packages/pip/operations/__pycache__/__init__.cpython-36.pyc",
    "lib/python3.6/site-packages/pip/operations/__pycache__/check.cpython-36.pyc",
    "lib/python3.6/site-packages/pip/operations/__pycache__/freeze.cpython-36.pyc",
    "lib/python3.6/site-packages/pip/operations/check.py",
    "lib/python3.6/site-packages/pip/operations/freeze.py",
    "lib/python3.6/site-packages/pip/pep425tags.py",
    "lib/python3.6/site-packages/pip/req/__init__.py",
    "lib/python3.6/site-packages/pip/req/__pycache__/__init__.cpython-36.pyc",
    "lib/python3.6/site-packages/pip/req/__pycache__/req_file.cpython-36.pyc",
    "lib/python3.6/site-packages/pip/req/__pycache__/req_install.cpython-36.pyc",
    "lib/python3.6/site-packages/pip/req/__pycache__/req_set.cpython-36.pyc",
    "lib/python3.6/site-packages/pip/req/__pycache__/req_uninstall.cpython-36.pyc",
    "lib/python3.6/site-packages/pip/req/req_file.py",
    "lib/python3.6/site-packages/pip/req/req_install.py",
    "lib/python3.6/site-packages/pip/req/req_set.py",
    "lib/python3.6/site-packages/pip/req/req_uninstall.py",
    "lib/python3.6/site-packages/pip/status_codes.py",
    "lib/python3.6/site-packages/pip/utils/__init__.py",
    "lib/python3.6/site-packages/pip/utils/__pycache__/__init__.cpython-36.pyc",
    "lib/python3.6/site-packages/pip/utils/__pycache__/appdirs.cpython-36.pyc",
    "lib/python3.6/site-packages/pip/utils/__pycache__/build.cpython-36.pyc",
    "lib/python3.6/site-packages/pip/utils/__pycache__/deprecation.cpython-36.pyc",
    "lib/python3.6/site-packages/pip/utils/__pycache__/encoding.cpython-36.pyc",
    "lib/python3.6/site-packages/pip/utils/__pycache__/filesystem.cpython-36.pyc",
    "lib/python3.6/site-packages/pip/utils/__pycache__/glibc.cpython-36.pyc",
    "lib/python3.6/site-packages/pip/utils/__pycache__/hashes.cpython-36.pyc",
    "lib/python3.6/site-packages/pip/utils/__pycache__/logging.cpython-36.pyc",
    "lib/python3.6/site-packages/pip/utils/__pycache__/outdated.cpython-36.pyc",
    "lib/python3.6/site-packages/pip/utils/__pycache__/packaging.cpython-36.pyc",
    "lib/python3.6/site-packages/pip/utils/__pycache__/setuptools_build.cpython-36.pyc",
    "lib/python3.6/site-packages/pip/utils/__pycache__/ui.cpython-36.pyc",
    "lib/python3.6/site-packages/pip/utils/appdirs.py",
    "lib/python3.6/site-packages/pip/utils/build.py",
    "lib/python3.6/site-packages/pip/utils/deprecation.py",
    "lib/python3.6/site-packages/pip/utils/encoding.py",
    "lib/python3.6/site-packages/pip/utils/filesystem.py",
    "lib/python3.6/site-packages/pip/utils/glibc.py",
    "lib/python3.6/site-packages/pip/utils/hashes.py",
    "lib/python3.6/site-packages/pip/utils/logging.py",
    "lib/python3.6/site-packages/pip/utils/outdated.py",
    "lib/python3.6/site-packages/pip/utils/packaging.py",
    "lib/python3.6/site-packages/pip/utils/setuptools_build.py",
    "lib/python3.6/site-packages/pip/utils/ui.py",
    "lib/python3.6/site-packages/pip/vcs/__init__.py",
    "lib/python3.6/site-packages/pip/vcs/__pycache__/__init__.cpython-36.pyc",
    "lib/python3.6/site-packages/pip/vcs/__pycache__/bazaar.cpython-36.pyc",
    "lib/python3.6/site-packages/pip/vcs/__pycache__/git.cpython-36.pyc",
    "lib/python3.6/site-packages/pip/vcs/__pycache__/mercurial.cpython-36.pyc",
    "lib/python3.6/site-packages/pip/vcs/__pycache__/subversion.cpython-36.pyc",
    "lib/python3.6/site-packages/pip/vcs/bazaar.py",
    "lib/python3.6/site-packages/pip/vcs/git.py",
    "lib/python3.6/site-packages/pip/vcs/mercurial.py",
    "lib/python3.6/site-packages/pip/vcs/subversion.py",
    "lib/python3.6/site-packages/pip/wheel.py"
  ],
  "fn": "pip-9.0.1-py36_1.tar.bz2",
  "license": "MIT",
  "link": {
    "source": "/Users/dchege711/anaconda/pkgs/pip-9.0.1-py36_1",
    "type": 1
  },
  "md5": "fc57004131181a6cc00cd57eae5f910e",
  "name": "pip",
  "noarch": null,
  "platform": "darwin",
  "preferred_env": null,
  "priority": 1,
  "schannel": "defaults",
  "size": 1742388,
  "subdir": "osx-64",
  "url": "https://repo.continuum.io/pkgs/free/osx-64/pip-9.0.1-py36_1.tar.bz2",
  "version": "9.0.1",
  "with_features_depends": {}
}