{
  "arch": "x86_64",
  "auth": null,
  "build": "2",
  "build_number": 2,
  "channel": "https://repo.continuum.io/pkgs/free/osx-64",
  "date": "2014-01-03",
  "depends": [],
  "files": [
    "include/readline/chardefs.h",
    "include/readline/history.h",
    "include/readline/keymaps.h",
    "include/readline/readline.h",
    "include/readline/rlconf.h",
    "include/readline/rlstdc.h",
    "include/readline/rltypedefs.h",
    "include/readline/tilde.h",
    "lib/libhistory.6.2.dylib",
    "lib/libhistory.6.dylib",
    "lib/libhistory.a",
    "lib/libhistory.dylib",
    "lib/libreadline.6.2.dylib",
    "lib/libreadline.6.dylib",
    "lib/libreadline.a",
    "lib/libreadline.dylib",
    "share/info/dir",
    "share/info/history.info",
    "share/info/readline.info",
    "share/info/rluserman.info"
  ],
  "fn": "readline-6.2-2.tar.bz2",
  "license": "GPL3",
  "license_family": "GPL3",
  "link": {
    "source": "/Users/dchege711/anaconda/pkgs/readline-6.2-2",
    "type": 1
  },
  "md5": "0801e644bd0c1cd7f0923b56c52eb7f7",
  "name": "readline",
  "noarch": null,
  "platform": "darwin",
  "preferred_env": null,
  "priority": 1,
  "requires": [],
  "schannel": "defaults",
  "size": 281004,
  "url": "https://repo.continuum.io/pkgs/free/osx-64/readline-6.2-2.tar.bz2",
  "version": "6.2",
  "with_features_depends": {}
}