{
  "arch": "x86_64",
  "auth": null,
  "build": "py36_0",
  "build_number": 0,
  "channel": "https://repo.continuum.io/pkgs/free/osx-64",
  "date": "2016-12-23",
  "depends": [
    "python 3.6*"
  ],
  "files": [
    "bin/easy_install",
    "bin/easy_install-3.6",
    "lib/python3.6/site-packages/setuptools-27.2.0-py3.6.egg",
    "lib/python3.6/site-packages/setuptools.pth"
  ],
  "fn": "setuptools-27.2.0-py36_0.tar.bz2",
  "license": "MIT",
  "link": {
    "source": "/Users/dchege711/anaconda/pkgs/setuptools-27.2.0-py36_0",
    "type": 1
  },
  "md5": "33a5ca1ffb4a6ea4a4457f7e649bf37f",
  "name": "setuptools",
  "noarch": null,
  "platform": "darwin",
  "preferred_env": null,
  "priority": 1,
  "schannel": "defaults",
  "size": 535207,
  "subdir": "osx-64",
  "url": "https://repo.continuum.io/pkgs/free/osx-64/setuptools-27.2.0-py36_0.tar.bz2",
  "version": "27.2.0",
  "with_features_depends": {}
}