{
  "arch": "x86_64",
  "auth": null,
  "build": "0",
  "build_number": 0,
  "channel": "https://repo.continuum.io/pkgs/free/osx-64",
  "date": "2016-05-25",
  "depends": [],
  "files": [
    "bin/sqlite3",
    "include/sqlite3.h",
    "include/sqlite3ext.h",
    "lib/libsqlite3.0.dylib",
    "lib/libsqlite3.a",
    "lib/libsqlite3.dylib",
    "lib/libsqlite3.la",
    "lib/pkgconfig/sqlite3.pc"
  ],
  "fn": "sqlite-3.13.0-0.tar.bz2",
  "license": "Public-Domain",
  "license_family": "Public-Domain",
  "link": {
    "source": "/Users/dchege711/anaconda/pkgs/sqlite-3.13.0-0",
    "type": 1
  },
  "md5": "dacf9558b650e37c4ec9003fe7f6b405",
  "name": "sqlite",
  "noarch": null,
  "platform": "darwin",
  "preferred_env": null,
  "priority": 1,
  "schannel": "defaults",
  "size": 1427115,
  "subdir": "osx-64",
  "url": "https://repo.continuum.io/pkgs/free/osx-64/sqlite-3.13.0-0.tar.bz2",
  "version": "3.13.0",
  "with_features_depends": {}
}