{
  "arch": "x86_64",
  "auth": null,
  "build": "0",
  "build_number": 0,
  "channel": "https://repo.continuum.io/pkgs/free/osx-64",
  "date": "2015-03-16",
  "depends": [],
  "files": [
    "bin/tclsh8.5",
    "bin/wish8.5",
    "include/X11/X.h",
    "include/X11/Xatom.h",
    "include/X11/Xfuncproto.h",
    "include/X11/Xlib.h",
    "include/X11/Xutil.h",
    "include/X11/cursorfont.h",
    "include/X11/keysym.h",
    "include/X11/keysymdef.h",
    "include/X11/xbytes.h",
    "include/tcl.h",
    "include/tclDecls.h",
    "include/tclPlatDecls.h",
    "include/tclTomMath.h",
    "include/tclTomMathDecls.h",
    "include/tk.h",
    "include/tkDecls.h",
    "include/tkIntXlibDecls.h",
    "include/tkMacOSX.h",
    "include/tkPlatDecls.h",
    "lib/Tk.icns",
    "lib/Tk.tiff",
    "lib/libtcl8.5.dylib",
    "lib/libtclstub8.5.a",
    "lib/libtk8.5.dylib",
    "lib/libtkstub8.5.a",
    "lib/pkgconfig/tcl.pc",
    "lib/pkgconfig/tk.pc",
    "lib/tcl8.5/auto.tcl",
    "lib/tcl8.5/clock.tcl",
    "lib/tcl8.5/encoding/ascii.enc",
    "lib/tcl8.5/encoding/big5.enc",
    "lib/tcl8.5/encoding/cp1250.enc",
    "lib/tcl8.5/encoding/cp1251.enc",
    "lib/tcl8.5/encoding/cp1252.enc",
    "lib/tcl8.5/encoding/cp1253.enc",
    "lib/tcl8.5/encoding/cp1254.enc",
    "lib/tcl8.5/encoding/cp1255.enc",
    "lib/tcl8.5/encoding/cp1256.enc",
    "lib/tcl8.5/encoding/cp1257.enc",
    "lib/tcl8.5/encoding/cp1258.enc",
    "lib/tcl8.5/encoding/cp437.enc",
    "lib/tcl8.5/encoding/cp737.enc",
    "lib/tcl8.5/encoding/cp775.enc",
    "lib/tcl8.5/encoding/cp850.enc",
    "lib/tcl8.5/encoding/cp852.enc",
    "lib/tcl8.5/encoding/cp855.enc",
    "lib/tcl8.5/encoding/cp857.enc",
    "lib/tcl8.5/encoding/cp860.enc",
    "lib/tcl8.5/encoding/cp861.enc",
    "lib/tcl8.5/encoding/cp862.enc",
    "lib/tcl8.5/encoding/cp863.enc",
    "lib/tcl8.5/encoding/cp864.enc",
    "lib/tcl8.5/encoding/cp865.enc",
    "lib/tcl8.5/encoding/cp866.enc",
    "lib/tcl8.5/encoding/cp869.enc",
    "lib/tcl8.5/encoding/cp874.enc",
    "lib/tcl8.5/encoding/cp932.enc",
    "lib/tcl8.5/encoding/cp936.enc",
    "lib/tcl8.5/encoding/cp949.enc",
    "lib/tcl8.5/encoding/cp950.enc",
    "lib/tcl8.5/encoding/dingbats.enc",
    "lib/tcl8.5/encoding/ebcdic.enc",
    "lib/tcl8.5/encoding/euc-cn.enc",
    "lib/tcl8.5/encoding/euc-jp.enc",
    "lib/tcl8.5/encoding/euc-kr.enc",
    "lib/tcl8.5/encoding/gb12345.enc",
    "lib/tcl8.5/encoding/gb1988.enc",
    "lib/tcl8.5/encoding/gb2312-raw.enc",
    "lib/tcl8.5/encoding/gb2312.enc",
    "lib/tcl8.5/encoding/iso2022-jp.enc",
    "lib/tcl8.5/encoding/iso2022-kr.enc",
    "lib/tcl8.5/encoding/iso2022.enc",
    "lib/tcl8.5/encoding/iso8859-1.enc",
    "lib/tcl8.5/encoding/iso8859-10.enc",
    "lib/tcl8.5/encoding/iso8859-13.enc",
    "lib/tcl8.5/encoding/iso8859-14.enc",
    "lib/tcl8.5/encoding/iso8859-15.enc",
    "lib/tcl8.5/encoding/iso8859-16.enc",
    "lib/tcl8.5/encoding/iso8859-2.enc",
    "lib/tcl8.5/encoding/iso8859-3.enc",
    "lib/tcl8.5/encoding/iso8859-4.enc",
    "lib/tcl8.5/encoding/iso8859-5.enc",
    "lib/tcl8.5/encoding/iso8859-6.enc",
    "lib/tcl8.5/encoding/iso8859-7.enc",
    "lib/tcl8.5/encoding/iso8859-8.enc",
    "lib/tcl8.5/encoding/iso8859-9.enc",
    "lib/tcl8.5/encoding/jis0201.enc",
    "lib/tcl8.5/encoding/jis0208.enc",
    "lib/tcl8.5/encoding/jis0212.enc",
    "lib/tcl8.5/encoding/koi8-r.enc",
    "lib/tcl8.5/encoding/koi8-u.enc",
    "lib/tcl8.5/encoding/ksc5601.enc",
    "lib/tcl8.5/encoding/macCentEuro.enc",
    "lib/tcl8.5/encoding/macCroatian.enc",
    "lib/tcl8.5/encoding/macCyrillic.enc",
    "lib/tcl8.5/encoding/macDingbats.enc",
    "lib/tcl8.5/encoding/macGreek.enc",
    "lib/tcl8.5/encoding/macIceland.enc",
    "lib/tcl8.5/encoding/macJapan.enc",
    "lib/tcl8.5/encoding/macRoman.enc",
    "lib/tcl8.5/encoding/macRomania.enc",
    "lib/tcl8.5/encoding/macThai.enc",
    "lib/tcl8.5/encoding/macTurkish.enc",
    "lib/tcl8.5/encoding/macUkraine.enc",
    "lib/tcl8.5/encoding/shiftjis.enc",
    "lib/tcl8.5/encoding/symbol.enc",
    "lib/tcl8.5/encoding/tis-620.enc",
    "lib/tcl8.5/history.tcl",
    "lib/tcl8.5/http1.0/http.tcl",
    "lib/tcl8.5/http1.0/pkgIndex.tcl",
    "lib/tcl8.5/init.tcl",
    "lib/tcl8.5/msgs/af.msg",
    "lib/tcl8.5/msgs/af_za.msg",
    "lib/tcl8.5/msgs/ar.msg",
    "lib/tcl8.5/msgs/ar_in.msg",
    "lib/tcl8.5/msgs/ar_jo.msg",
    "lib/tcl8.5/msgs/ar_lb.msg",
    "lib/tcl8.5/msgs/ar_sy.msg",
    "lib/tcl8.5/msgs/be.msg",
    "lib/tcl8.5/msgs/bg.msg",
    "lib/tcl8.5/msgs/bn.msg",
    "lib/tcl8.5/msgs/bn_in.msg",
    "lib/tcl8.5/msgs/ca.msg",
    "lib/tcl8.5/msgs/cs.msg",
    "lib/tcl8.5/msgs/da.msg",
    "lib/tcl8.5/msgs/de.msg",
    "lib/tcl8.5/msgs/de_at.msg",
    "lib/tcl8.5/msgs/de_be.msg",
    "lib/tcl8.5/msgs/el.msg",
    "lib/tcl8.5/msgs/en_au.msg",
    "lib/tcl8.5/msgs/en_be.msg",
    "lib/tcl8.5/msgs/en_bw.msg",
    "lib/tcl8.5/msgs/en_ca.msg",
    "lib/tcl8.5/msgs/en_gb.msg",
    "lib/tcl8.5/msgs/en_hk.msg",
    "lib/tcl8.5/msgs/en_ie.msg",
    "lib/tcl8.5/msgs/en_in.msg",
    "lib/tcl8.5/msgs/en_nz.msg",
    "lib/tcl8.5/msgs/en_ph.msg",
    "lib/tcl8.5/msgs/en_sg.msg",
    "lib/tcl8.5/msgs/en_za.msg",
    "lib/tcl8.5/msgs/en_zw.msg",
    "lib/tcl8.5/msgs/eo.msg",
    "lib/tcl8.5/msgs/es.msg",
    "lib/tcl8.5/msgs/es_ar.msg",
    "lib/tcl8.5/msgs/es_bo.msg",
    "lib/tcl8.5/msgs/es_cl.msg",
    "lib/tcl8.5/msgs/es_co.msg",
    "lib/tcl8.5/msgs/es_cr.msg",
    "lib/tcl8.5/msgs/es_do.msg",
    "lib/tcl8.5/msgs/es_ec.msg",
    "lib/tcl8.5/msgs/es_gt.msg",
    "lib/tcl8.5/msgs/es_hn.msg",
    "lib/tcl8.5/msgs/es_mx.msg",
    "lib/tcl8.5/msgs/es_ni.msg",
    "lib/tcl8.5/msgs/es_pa.msg",
    "lib/tcl8.5/msgs/es_pe.msg",
    "lib/tcl8.5/msgs/es_pr.msg",
    "lib/tcl8.5/msgs/es_py.msg",
    "lib/tcl8.5/msgs/es_sv.msg",
    "lib/tcl8.5/msgs/es_uy.msg",
    "lib/tcl8.5/msgs/es_ve.msg",
    "lib/tcl8.5/msgs/et.msg",
    "lib/tcl8.5/msgs/eu.msg",
    "lib/tcl8.5/msgs/eu_es.msg",
    "lib/tcl8.5/msgs/fa.msg",
    "lib/tcl8.5/msgs/fa_in.msg",
    "lib/tcl8.5/msgs/fa_ir.msg",
    "lib/tcl8.5/msgs/fi.msg",
    "lib/tcl8.5/msgs/fo.msg",
    "lib/tcl8.5/msgs/fo_fo.msg",
    "lib/tcl8.5/msgs/fr.msg",
    "lib/tcl8.5/msgs/fr_be.msg",
    "lib/tcl8.5/msgs/fr_ca.msg",
    "lib/tcl8.5/msgs/fr_ch.msg",
    "lib/tcl8.5/msgs/ga.msg",
    "lib/tcl8.5/msgs/ga_ie.msg",
    "lib/tcl8.5/msgs/gl.msg",
    "lib/tcl8.5/msgs/gl_es.msg",
    "lib/tcl8.5/msgs/gv.msg",
    "lib/tcl8.5/msgs/gv_gb.msg",
    "lib/tcl8.5/msgs/he.msg",
    "lib/tcl8.5/msgs/hi.msg",
    "lib/tcl8.5/msgs/hi_in.msg",
    "lib/tcl8.5/msgs/hr.msg",
    "lib/tcl8.5/msgs/hu.msg",
    "lib/tcl8.5/msgs/id.msg",
    "lib/tcl8.5/msgs/id_id.msg",
    "lib/tcl8.5/msgs/is.msg",
    "lib/tcl8.5/msgs/it.msg",
    "lib/tcl8.5/msgs/it_ch.msg",
    "lib/tcl8.5/msgs/ja.msg",
    "lib/tcl8.5/msgs/kl.msg",
    "lib/tcl8.5/msgs/kl_gl.msg",
    "lib/tcl8.5/msgs/ko.msg",
    "lib/tcl8.5/msgs/ko_kr.msg",
    "lib/tcl8.5/msgs/kok.msg",
    "lib/tcl8.5/msgs/kok_in.msg",
    "lib/tcl8.5/msgs/kw.msg",
    "lib/tcl8.5/msgs/kw_gb.msg",
    "lib/tcl8.5/msgs/lt.msg",
    "lib/tcl8.5/msgs/lv.msg",
    "lib/tcl8.5/msgs/mk.msg",
    "lib/tcl8.5/msgs/mr.msg",
    "lib/tcl8.5/msgs/mr_in.msg",
    "lib/tcl8.5/msgs/ms.msg",
    "lib/tcl8.5/msgs/ms_my.msg",
    "lib/tcl8.5/msgs/mt.msg",
    "lib/tcl8.5/msgs/nb.msg",
    "lib/tcl8.5/msgs/nl.msg",
    "lib/tcl8.5/msgs/nl_be.msg",
    "lib/tcl8.5/msgs/nn.msg",
    "lib/tcl8.5/msgs/pl.msg",
    "lib/tcl8.5/msgs/pt.msg",
    "lib/tcl8.5/msgs/pt_br.msg",
    "lib/tcl8.5/msgs/ro.msg",
    "lib/tcl8.5/msgs/ru.msg",
    "lib/tcl8.5/msgs/ru_ua.msg",
    "lib/tcl8.5/msgs/sh.msg",
    "lib/tcl8.5/msgs/sk.msg",
    "lib/tcl8.5/msgs/sl.msg",
    "lib/tcl8.5/msgs/sq.msg",
    "lib/tcl8.5/msgs/sr.msg",
    "lib/tcl8.5/msgs/sv.msg",
    "lib/tcl8.5/msgs/sw.msg",
    "lib/tcl8.5/msgs/ta.msg",
    "lib/tcl8.5/msgs/ta_in.msg",
    "lib/tcl8.5/msgs/te.msg",
    "lib/tcl8.5/msgs/te_in.msg",
    "lib/tcl8.5/msgs/th.msg",
    "lib/tcl8.5/msgs/tr.msg",
    "lib/tcl8.5/msgs/uk.msg",
    "lib/tcl8.5/msgs/vi.msg",
    "lib/tcl8.5/msgs/zh.msg",
    "lib/tcl8.5/msgs/zh_cn.msg",
    "lib/tcl8.5/msgs/zh_hk.msg",
    "lib/tcl8.5/msgs/zh_sg.msg",
    "lib/tcl8.5/msgs/zh_tw.msg",
    "lib/tcl8.5/opt0.4/optparse.tcl",
    "lib/tcl8.5/opt0.4/pkgIndex.tcl",
    "lib/tcl8.5/package.tcl",
    "lib/tcl8.5/parray.tcl",
    "lib/tcl8.5/safe.tcl",
    "lib/tcl8.5/tclAppInit.c",
    "lib/tcl8.5/tclIndex",
    "lib/tcl8.5/tm.tcl",
    "lib/tcl8.5/word.tcl",
    "lib/tcl8/8.4/http-2.7.13.tm",
    "lib/tcl8/8.4/platform-1.0.13.tm",
    "lib/tcl8/8.4/platform/shell-1.1.4.tm",
    "lib/tcl8/8.5/msgcat-1.5.2.tm",
    "lib/tcl8/8.5/tcltest-2.3.8.tm",
    "lib/tclConfig.sh",
    "lib/tk8.5/bgerror.tcl",
    "lib/tk8.5/button.tcl",
    "lib/tk8.5/choosedir.tcl",
    "lib/tk8.5/clrpick.tcl",
    "lib/tk8.5/comdlg.tcl",
    "lib/tk8.5/console.tcl",
    "lib/tk8.5/demos/README",
    "lib/tk8.5/demos/anilabel.tcl",
    "lib/tk8.5/demos/aniwave.tcl",
    "lib/tk8.5/demos/arrow.tcl",
    "lib/tk8.5/demos/bind.tcl",
    "lib/tk8.5/demos/bitmap.tcl",
    "lib/tk8.5/demos/browse",
    "lib/tk8.5/demos/button.tcl",
    "lib/tk8.5/demos/check.tcl",
    "lib/tk8.5/demos/clrpick.tcl",
    "lib/tk8.5/demos/colors.tcl",
    "lib/tk8.5/demos/combo.tcl",
    "lib/tk8.5/demos/cscroll.tcl",
    "lib/tk8.5/demos/ctext.tcl",
    "lib/tk8.5/demos/dialog1.tcl",
    "lib/tk8.5/demos/dialog2.tcl",
    "lib/tk8.5/demos/en.msg",
    "lib/tk8.5/demos/entry1.tcl",
    "lib/tk8.5/demos/entry2.tcl",
    "lib/tk8.5/demos/entry3.tcl",
    "lib/tk8.5/demos/filebox.tcl",
    "lib/tk8.5/demos/floor.tcl",
    "lib/tk8.5/demos/form.tcl",
    "lib/tk8.5/demos/goldberg.tcl",
    "lib/tk8.5/demos/hello",
    "lib/tk8.5/demos/hscale.tcl",
    "lib/tk8.5/demos/icon.tcl",
    "lib/tk8.5/demos/image1.tcl",
    "lib/tk8.5/demos/image2.tcl",
    "lib/tk8.5/demos/images/earth.gif",
    "lib/tk8.5/demos/images/earthris.gif",
    "lib/tk8.5/demos/images/face.xbm",
    "lib/tk8.5/demos/images/flagdown.xbm",
    "lib/tk8.5/demos/images/flagup.xbm",
    "lib/tk8.5/demos/images/gray25.xbm",
    "lib/tk8.5/demos/images/letters.xbm",
    "lib/tk8.5/demos/images/noletter.xbm",
    "lib/tk8.5/demos/images/pattern.xbm",
    "lib/tk8.5/demos/images/tcllogo.gif",
    "lib/tk8.5/demos/images/teapot.ppm",
    "lib/tk8.5/demos/items.tcl",
    "lib/tk8.5/demos/ixset",
    "lib/tk8.5/demos/knightstour.tcl",
    "lib/tk8.5/demos/label.tcl",
    "lib/tk8.5/demos/labelframe.tcl",
    "lib/tk8.5/demos/license.terms",
    "lib/tk8.5/demos/mclist.tcl",
    "lib/tk8.5/demos/menu.tcl",
    "lib/tk8.5/demos/menubu.tcl",
    "lib/tk8.5/demos/msgbox.tcl",
    "lib/tk8.5/demos/nl.msg",
    "lib/tk8.5/demos/paned1.tcl",
    "lib/tk8.5/demos/paned2.tcl",
    "lib/tk8.5/demos/pendulum.tcl",
    "lib/tk8.5/demos/plot.tcl",
    "lib/tk8.5/demos/puzzle.tcl",
    "lib/tk8.5/demos/radio.tcl",
    "lib/tk8.5/demos/rmt",
    "lib/tk8.5/demos/rolodex",
    "lib/tk8.5/demos/ruler.tcl",
    "lib/tk8.5/demos/sayings.tcl",
    "lib/tk8.5/demos/search.tcl",
    "lib/tk8.5/demos/spin.tcl",
    "lib/tk8.5/demos/states.tcl",
    "lib/tk8.5/demos/style.tcl",
    "lib/tk8.5/demos/tclIndex",
    "lib/tk8.5/demos/tcolor",
    "lib/tk8.5/demos/text.tcl",
    "lib/tk8.5/demos/textpeer.tcl",
    "lib/tk8.5/demos/timer",
    "lib/tk8.5/demos/toolbar.tcl",
    "lib/tk8.5/demos/tree.tcl",
    "lib/tk8.5/demos/ttkbut.tcl",
    "lib/tk8.5/demos/ttkmenu.tcl",
    "lib/tk8.5/demos/ttknote.tcl",
    "lib/tk8.5/demos/ttkpane.tcl",
    "lib/tk8.5/demos/ttkprogress.tcl",
    "lib/tk8.5/demos/ttkscale.tcl",
    "lib/tk8.5/demos/twind.tcl",
    "lib/tk8.5/demos/unicodeout.tcl",
    "lib/tk8.5/demos/vscale.tcl",
    "lib/tk8.5/demos/widget",
    "lib/tk8.5/dialog.tcl",
    "lib/tk8.5/entry.tcl",
    "lib/tk8.5/focus.tcl",
    "lib/tk8.5/images/README",
    "lib/tk8.5/images/logo.eps",
    "lib/tk8.5/images/logo100.gif",
    "lib/tk8.5/images/logo64.gif",
    "lib/tk8.5/images/logoLarge.gif",
    "lib/tk8.5/images/logoMed.gif",
    "lib/tk8.5/images/pwrdLogo.eps",
    "lib/tk8.5/images/pwrdLogo100.gif",
    "lib/tk8.5/images/pwrdLogo150.gif",
    "lib/tk8.5/images/pwrdLogo175.gif",
    "lib/tk8.5/images/pwrdLogo200.gif",
    "lib/tk8.5/images/pwrdLogo75.gif",
    "lib/tk8.5/images/tai-ku.gif",
    "lib/tk8.5/listbox.tcl",
    "lib/tk8.5/menu.tcl",
    "lib/tk8.5/mkpsenc.tcl",
    "lib/tk8.5/msgbox.tcl",
    "lib/tk8.5/msgs/cs.msg",
    "lib/tk8.5/msgs/da.msg",
    "lib/tk8.5/msgs/de.msg",
    "lib/tk8.5/msgs/el.msg",
    "lib/tk8.5/msgs/en.msg",
    "lib/tk8.5/msgs/en_gb.msg",
    "lib/tk8.5/msgs/eo.msg",
    "lib/tk8.5/msgs/es.msg",
    "lib/tk8.5/msgs/fr.msg",
    "lib/tk8.5/msgs/hu.msg",
    "lib/tk8.5/msgs/it.msg",
    "lib/tk8.5/msgs/nl.msg",
    "lib/tk8.5/msgs/pl.msg",
    "lib/tk8.5/msgs/pt.msg",
    "lib/tk8.5/msgs/ru.msg",
    "lib/tk8.5/msgs/sv.msg",
    "lib/tk8.5/obsolete.tcl",
    "lib/tk8.5/optMenu.tcl",
    "lib/tk8.5/palette.tcl",
    "lib/tk8.5/panedwindow.tcl",
    "lib/tk8.5/pkgIndex.tcl",
    "lib/tk8.5/safetk.tcl",
    "lib/tk8.5/scale.tcl",
    "lib/tk8.5/scrlbar.tcl",
    "lib/tk8.5/spinbox.tcl",
    "lib/tk8.5/tclIndex",
    "lib/tk8.5/tearoff.tcl",
    "lib/tk8.5/text.tcl",
    "lib/tk8.5/tk.tcl",
    "lib/tk8.5/tkAppInit.c",
    "lib/tk8.5/tkfbox.tcl",
    "lib/tk8.5/ttk/altTheme.tcl",
    "lib/tk8.5/ttk/aquaTheme.tcl",
    "lib/tk8.5/ttk/button.tcl",
    "lib/tk8.5/ttk/clamTheme.tcl",
    "lib/tk8.5/ttk/classicTheme.tcl",
    "lib/tk8.5/ttk/combobox.tcl",
    "lib/tk8.5/ttk/cursors.tcl",
    "lib/tk8.5/ttk/defaults.tcl",
    "lib/tk8.5/ttk/entry.tcl",
    "lib/tk8.5/ttk/fonts.tcl",
    "lib/tk8.5/ttk/menubutton.tcl",
    "lib/tk8.5/ttk/notebook.tcl",
    "lib/tk8.5/ttk/panedwindow.tcl",
    "lib/tk8.5/ttk/progress.tcl",
    "lib/tk8.5/ttk/scale.tcl",
    "lib/tk8.5/ttk/scrollbar.tcl",
    "lib/tk8.5/ttk/sizegrip.tcl",
    "lib/tk8.5/ttk/spinbox.tcl",
    "lib/tk8.5/ttk/treeview.tcl",
    "lib/tk8.5/ttk/ttk.tcl",
    "lib/tk8.5/ttk/utils.tcl",
    "lib/tk8.5/ttk/vistaTheme.tcl",
    "lib/tk8.5/ttk/winTheme.tcl",
    "lib/tk8.5/ttk/xpTheme.tcl",
    "lib/tk8.5/unsupported.tcl",
    "lib/tk8.5/xmfbox.tcl",
    "lib/tkConfig.sh"
  ],
  "fn": "tk-8.5.18-0.tar.bz2",
  "license": "BSD-like",
  "license_family": "BSD",
  "link": {
    "source": "/Users/dchege711/anaconda/pkgs/tk-8.5.18-0",
    "type": 1
  },
  "md5": "6de7b2d4c4c9cc0f60150da541c0d843",
  "name": "tk",
  "noarch": null,
  "platform": "darwin",
  "preferred_env": null,
  "priority": 1,
  "requires": [],
  "schannel": "defaults",
  "size": 2030550,
  "url": "https://repo.continuum.io/pkgs/free/osx-64/tk-8.5.18-0.tar.bz2",
  "version": "8.5.18",
  "with_features_depends": {}
}