{
  "arch": "x86_64",
  "auth": null,
  "build": "py36_0",
  "build_number": 0,
  "channel": "https://repo.continuum.io/pkgs/free/osx-64",
  "date": "2017-02-09",
  "depends": [
    "python 3.6*"
  ],
  "files": [
    "bin/virtualenv",
    "lib/python3.6/site-packages/virtualenv-15.1.0-py3.6.egg-info/PKG-INFO",
    "lib/python3.6/site-packages/virtualenv-15.1.0-py3.6.egg-info/SOURCES.txt",
    "lib/python3.6/site-packages/virtualenv-15.1.0-py3.6.egg-info/dependency_links.txt",
    "lib/python3.6/site-packages/virtualenv-15.1.0-py3.6.egg-info/entry_points.txt",
    "lib/python3.6/site-packages/virtualenv-15.1.0-py3.6.egg-info/not-zip-safe",
    "lib/python3.6/site-packages/virtualenv-15.1.0-py3.6.egg-info/top_level.txt",
    "lib/python3.6/site-packages/virtualenv.py",
    "lib/python3.6/site-packages/virtualenv_support/__init__.py",
    "lib/python3.6/site-packages/virtualenv_support/__pycache__/__init__.cpython-36.pyc",
    "lib/python3.6/site-packages/virtualenv_support/argparse-1.4.0-py2.py3-none-any.whl",
    "lib/python3.6/site-packages/virtualenv_support/pip-9.0.1-py2.py3-none-any.whl",
    "lib/python3.6/site-packages/virtualenv_support/setuptools-28.8.0-py2.py3-none-any.whl",
    "lib/python3.6/site-packages/virtualenv_support/wheel-0.29.0-py2.py3-none-any.whl"
  ],
  "fn": "virtualenv-15.1.0-py36_0.tar.bz2",
  "license": "MIT",
  "link": {
    "source": "/Users/dchege711/anaconda/pkgs/virtualenv-15.1.0-py36_0",
    "type": 1
  },
  "md5": "625fb7ff2078f27487028bc7b973024e",
  "name": "virtualenv",
  "noarch": null,
  "platform": "darwin",
  "preferred_env": null,
  "priority": 1,
  "schannel": "defaults",
  "size": 1836521,
  "subdir": "osx-64",
  "url": "https://repo.continuum.io/pkgs/free/osx-64/virtualenv-15.1.0-py36_0.tar.bz2",
  "version": "15.1.0",
  "with_features_depends": {}
}