{
  "arch": "x86_64",
  "auth": null,
  "build": "py36_0",
  "build_number": 0,
  "channel": "https://repo.continuum.io/pkgs/free/osx-64",
  "date": "2016-12-23",
  "depends": [
    "python 3.6*"
  ],
  "files": [
    "bin/wheel",
    "lib/python3.6/site-packages/wheel-0.29.0-py3.6.egg-info/PKG-INFO",
    "lib/python3.6/site-packages/wheel-0.29.0-py3.6.egg-info/SOURCES.txt",
    "lib/python3.6/site-packages/wheel-0.29.0-py3.6.egg-info/dependency_links.txt",
    "lib/python3.6/site-packages/wheel-0.29.0-py3.6.egg-info/entry_points.txt",
    "lib/python3.6/site-packages/wheel-0.29.0-py3.6.egg-info/not-zip-safe",
    "lib/python3.6/site-packages/wheel-0.29.0-py3.6.egg-info/requires.txt",
    "lib/python3.6/site-packages/wheel-0.29.0-py3.6.egg-info/top_level.txt",
    "lib/python3.6/site-packages/wheel/__init__.py",
    "lib/python3.6/site-packages/wheel/__main__.py",
    "lib/python3.6/site-packages/wheel/__pycache__/__init__.cpython-36.pyc",
    "lib/python3.6/site-packages/wheel/__pycache__/__main__.cpython-36.pyc",
    "lib/python3.6/site-packages/wheel/__pycache__/archive.cpython-36.pyc",
    "lib/python3.6/site-packages/wheel/__pycache__/bdist_wheel.cpython-36.pyc",
    "lib/python3.6/site-packages/wheel/__pycache__/decorator.cpython-36.pyc",
    "lib/python3.6/site-packages/wheel/__pycache__/egg2wheel.cpython-36.pyc",
    "lib/python3.6/site-packages/wheel/__pycache__/install.cpython-36.pyc",
    "lib/python3.6/site-packages/wheel/__pycache__/metadata.cpython-36.pyc",
    "lib/python3.6/site-packages/wheel/__pycache__/paths.cpython-36.pyc",
    "lib/python3.6/site-packages/wheel/__pycache__/pep425tags.cpython-36.pyc",
    "lib/python3.6/site-packages/wheel/__pycache__/pkginfo.cpython-36.pyc",
    "lib/python3.6/site-packages/wheel/__pycache__/util.cpython-36.pyc",
    "lib/python3.6/site-packages/wheel/__pycache__/wininst2wheel.cpython-36.pyc",
    "lib/python3.6/site-packages/wheel/archive.py",
    "lib/python3.6/site-packages/wheel/bdist_wheel.py",
    "lib/python3.6/site-packages/wheel/decorator.py",
    "lib/python3.6/site-packages/wheel/egg2wheel.py",
    "lib/python3.6/site-packages/wheel/eggnames.txt",
    "lib/python3.6/site-packages/wheel/install.py",
    "lib/python3.6/site-packages/wheel/metadata.py",
    "lib/python3.6/site-packages/wheel/paths.py",
    "lib/python3.6/site-packages/wheel/pep425tags.py",
    "lib/python3.6/site-packages/wheel/pkginfo.py",
    "lib/python3.6/site-packages/wheel/signatures/__init__.py",
    "lib/python3.6/site-packages/wheel/signatures/__pycache__/__init__.cpython-36.pyc",
    "lib/python3.6/site-packages/wheel/signatures/__pycache__/djbec.cpython-36.pyc",
    "lib/python3.6/site-packages/wheel/signatures/__pycache__/ed25519py.cpython-36.pyc",
    "lib/python3.6/site-packages/wheel/signatures/__pycache__/keys.cpython-36.pyc",
    "lib/python3.6/site-packages/wheel/signatures/djbec.py",
    "lib/python3.6/site-packages/wheel/signatures/ed25519py.py",
    "lib/python3.6/site-packages/wheel/signatures/keys.py",
    "lib/python3.6/site-packages/wheel/test/__init__.py",
    "lib/python3.6/site-packages/wheel/test/__pycache__/__init__.cpython-36.pyc",
    "lib/python3.6/site-packages/wheel/test/__pycache__/test_basic.cpython-36.pyc",
    "lib/python3.6/site-packages/wheel/test/__pycache__/test_install.cpython-36.pyc",
    "lib/python3.6/site-packages/wheel/test/__pycache__/test_keys.cpython-36.pyc",
    "lib/python3.6/site-packages/wheel/test/__pycache__/test_paths.cpython-36.pyc",
    "lib/python3.6/site-packages/wheel/test/__pycache__/test_ranking.cpython-36.pyc",
    "lib/python3.6/site-packages/wheel/test/__pycache__/test_signatures.cpython-36.pyc",
    "lib/python3.6/site-packages/wheel/test/__pycache__/test_tagopt.cpython-36.pyc",
    "lib/python3.6/site-packages/wheel/test/__pycache__/test_tool.cpython-36.pyc",
    "lib/python3.6/site-packages/wheel/test/__pycache__/test_wheelfile.cpython-36.pyc",
    "lib/python3.6/site-packages/wheel/test/complex-dist/__pycache__/setup.cpython-36.pyc",
    "lib/python3.6/site-packages/wheel/test/complex-dist/complexdist/__init__.py",
    "lib/python3.6/site-packages/wheel/test/complex-dist/complexdist/__pycache__/__init__.cpython-36.pyc",
    "lib/python3.6/site-packages/wheel/test/complex-dist/setup.py",
    "lib/python3.6/site-packages/wheel/test/headers.dist/__pycache__/headersdist.cpython-36.pyc",
    "lib/python3.6/site-packages/wheel/test/headers.dist/__pycache__/setup.cpython-36.pyc",
    "lib/python3.6/site-packages/wheel/test/headers.dist/header.h",
    "lib/python3.6/site-packages/wheel/test/headers.dist/headersdist.py",
    "lib/python3.6/site-packages/wheel/test/headers.dist/setup.py",
    "lib/python3.6/site-packages/wheel/test/pydist-schema.json",
    "lib/python3.6/site-packages/wheel/test/simple.dist/__pycache__/setup.cpython-36.pyc",
    "lib/python3.6/site-packages/wheel/test/simple.dist/setup.py",
    "lib/python3.6/site-packages/wheel/test/simple.dist/simpledist/__init__.py",
    "lib/python3.6/site-packages/wheel/test/simple.dist/simpledist/__pycache__/__init__.cpython-36.pyc",
    "lib/python3.6/site-packages/wheel/test/test-1.0-py2.py3-none-win32.whl",
    "lib/python3.6/site-packages/wheel/test/test_basic.py",
    "lib/python3.6/site-packages/wheel/test/test_install.py",
    "lib/python3.6/site-packages/wheel/test/test_keys.py",
    "lib/python3.6/site-packages/wheel/test/test_paths.py",
    "lib/python3.6/site-packages/wheel/test/test_ranking.py",
    "lib/python3.6/site-packages/wheel/test/test_signatures.py",
    "lib/python3.6/site-packages/wheel/test/test_tagopt.py",
    "lib/python3.6/site-packages/wheel/test/test_tool.py",
    "lib/python3.6/site-packages/wheel/test/test_wheelfile.py",
    "lib/python3.6/site-packages/wheel/tool/__init__.py",
    "lib/python3.6/site-packages/wheel/tool/__pycache__/__init__.cpython-36.pyc",
    "lib/python3.6/site-packages/wheel/util.py",
    "lib/python3.6/site-packages/wheel/wininst2wheel.py"
  ],
  "fn": "wheel-0.29.0-py36_0.tar.bz2",
  "license": "MIT",
  "link": {
    "source": "/Users/dchege711/anaconda/pkgs/wheel-0.29.0-py36_0",
    "type": 1
  },
  "md5": "c7e1bd872a1cd5f651addec7f17c711b",
  "name": "wheel",
  "noarch": null,
  "platform": "darwin",
  "preferred_env": null,
  "priority": 1,
  "schannel": "defaults",
  "size": 89267,
  "subdir": "osx-64",
  "url": "https://repo.continuum.io/pkgs/free/osx-64/wheel-0.29.0-py36_0.tar.bz2",
  "version": "0.29.0",
  "with_features_depends": {}
}