{
  "arch": "x86_64",
  "auth": null,
  "build": "1",
  "build_number": 1,
  "channel": "https://repo.continuum.io/pkgs/free/osx-64",
  "date": "2016-12-28",
  "depends": [],
  "files": [
    "bin/unxz",
    "bin/xz",
    "include/lzma.h",
    "include/lzma/base.h",
    "include/lzma/bcj.h",
    "include/lzma/block.h",
    "include/lzma/check.h",
    "include/lzma/container.h",
    "include/lzma/delta.h",
    "include/lzma/filter.h",
    "include/lzma/hardware.h",
    "include/lzma/index.h",
    "include/lzma/index_hash.h",
    "include/lzma/lzma12.h",
    "include/lzma/stream_flags.h",
    "include/lzma/version.h",
    "include/lzma/vli.h",
    "lib/liblzma.5.dylib",
    "lib/liblzma.a",
    "lib/liblzma.dylib",
    "lib/liblzma.la",
    "lib/pkgconfig/liblzma.pc"
  ],
  "fn": "xz-5.2.2-1.tar.bz2",
  "license": "Public-Domain, GPL",
  "license_family": "GPL2",
  "link": {
    "source": "/Users/dchege711/anaconda/pkgs/xz-5.2.2-1",
    "type": 1
  },
  "md5": "c8d5d3f406b5309e575c6848091f2fd2",
  "name": "xz",
  "noarch": null,
  "platform": "darwin",
  "preferred_env": null,
  "priority": 1,
  "schannel": "defaults",
  "size": 217387,
  "subdir": "osx-64",
  "url": "https://repo.continuum.io/pkgs/free/osx-64/xz-5.2.2-1.tar.bz2",
  "version": "5.2.2",
  "with_features_depends": {}
}